company,job_title,location,job_link
GEE Group,Accountant,"Columbus, Ohio Metropolitan Area",https://www.linkedin.comhttps://www.linkedin.com/jobs/view/accountant-at-gee-group-3688429009?refId=A5FLyf1Ywg3uhSY2kbeLLQ%3D%3D&trackingId=MtrAoeeg2y%2FkPWtYwBdkgQ%3D%3D&position=1&pageNum=0&trk=public_jobs_jserp-result_search-card
Ferreira Power South,Staff Accountant,Dallas-Fort Worth Metroplex,https://www.linkedin.comhttps://www.linkedin.com/jobs/view/staff-accountant-at-ferreira-power-south-3713162962?refId=A5FLyf1Ywg3uhSY2kbeLLQ%3D%3D&trackingId=CgdmLsVVXVfU7g82te8HbA%3D%3D&position=2&pageNum=0&trk=public_jobs_jserp-result_search-card
"Village of Orland Park, Illinois",Accountant,"Homer Glen, IL",https://www.linkedin.comhttps://www.linkedin.com/jobs/view/accountant-at-village-of-orland-park-illinois-3716331081?refId=A5FLyf1Ywg3uhSY2kbeLLQ%3D%3D&trackingId=2hLlPRggLr3wYvT%2BcfnEIQ%3D%3D&position=3&pageNum=0&trk=public_jobs_jserp-result_search-card
JAB Industries Inc,Bookkeeper Accountant,"New York, NY",https://www.linkedin.comhttps://www.linkedin.com/jobs/view/bookkeeper-accountant-at-jab-industries-inc-3687865485?refId=A5FLyf1Ywg3uhSY2kbeLLQ%3D%3D&trackingId=6TpoHhrYZYNvqXroWgm2Dw%3D%3D&position=4&pageNum=0&trk=public_jobs_jserp-result_search-card
"Three Point Solutions, Inc.",Staff Accountant,"Center Valley, PA",https://www.linkedin.comhttps://www.linkedin.com/jobs/view/staff-accountant-at-three-point-solutions-inc-3720184885?refId=A5FLyf1Ywg3uhSY2kbeLLQ%3D%3D&trackingId=Lt7iL%2Fg59Yl1vIwY1JvBYw%3D%3D&position=5&pageNum=0&trk=public_jobs_jserp-result_search-card
NOW CFO,Accountant,"Orlando, FL",https://www.linkedin.comhttps://www.linkedin.com/jobs/view/accountant-at-now-cfo-3711768548?refId=A5FLyf1Ywg3uhSY2kbeLLQ%3D%3D&trackingId=5nGmh83KMSP5Q4rhQ22QJg%3D%3D&position=6&pageNum=0&trk=public_jobs_jserp-result_search-card
ANDYS SEASONING INC,Accountant,Greater St. Louis,https://www.linkedin.comhttps://www.linkedin.com/jobs/view/accountant-at-andys-seasoning-inc-3700056639?refId=A5FLyf1Ywg3uhSY2kbeLLQ%3D%3D&trackingId=c%2FWC%2FjSR6zB8a0wfkEv6sQ%3D%3D&position=7&pageNum=0&trk=public_jobs_jserp-result_search-card
Gen3 Marketing,Accountant,"Blue Bell, PA",https://www.linkedin.comhttps://www.linkedin.com/jobs/view/accountant-at-gen3-marketing-3678274066?refId=A5FLyf1Ywg3uhSY2kbeLLQ%3D%3D&trackingId=pgZRuEZyiYigIjY43Z11jw%3D%3D&position=8&pageNum=0&trk=public_jobs_jserp-result_search-card
VNA Health,Accountant,"Santa Barbara, CA",https://www.linkedin.comhttps://www.linkedin.com/jobs/view/accountant-at-vna-health-3713699817?refId=A5FLyf1Ywg3uhSY2kbeLLQ%3D%3D&trackingId=%2FhxUAmeuQHYDSa1KYnTmuQ%3D%3D&position=9&pageNum=0&trk=public_jobs_jserp-result_search-card
Sola Wood Flowers,Senior Accountant,United States,https://www.linkedin.comhttps://www.linkedin.com/jobs/view/senior-accountant-at-sola-wood-flowers-3710921898?refId=A5FLyf1Ywg3uhSY2kbeLLQ%3D%3D&trackingId=W1IiZw5bu6mLFgFWItwBIw%3D%3D&position=10&pageNum=0&trk=public_jobs_jserp-result_search-card
The Dermatology Specialists,Accountant,"New York, NY",https://www.linkedin.comhttps://www.linkedin.com/jobs/view/accountant-at-the-dermatology-specialists-3710276774?refId=A5FLyf1Ywg3uhSY2kbeLLQ%3D%3D&trackingId=z%2BiBsfLpl9c9A%2B5F4dq8ag%3D%3D&position=11&pageNum=0&trk=public_jobs_jserp-result_search-card
BayPLS,Staff Accountant,"San Bruno, CA",https://www.linkedin.comhttps://www.linkedin.com/jobs/view/staff-accountant-at-baypls-3712775573?refId=A5FLyf1Ywg3uhSY2kbeLLQ%3D%3D&trackingId=LRoyQx7LLCFv5SIFKyByDQ%3D%3D&position=12&pageNum=0&trk=public_jobs_jserp-result_search-card
Caraway Home,Accountant III / Senior Accountant,"New York, United States",https://www.linkedin.comhttps://www.linkedin.com/jobs/view/accountant-iii-senior-accountant-at-caraway-home-3694433216?refId=A5FLyf1Ywg3uhSY2kbeLLQ%3D%3D&trackingId=sgwa7Lx2dhQuhSdeLDl%2F%2FA%3D%3D&position=13&pageNum=0&trk=public_jobs_jserp-result_search-card
Omnis Bookkeeping and Business Solutions,Accountant/Bookkeeper,"Sarasota, FL",https://www.linkedin.comhttps://www.linkedin.com/jobs/view/accountant-bookkeeper-at-omnis-bookkeeping-and-business-solutions-3699927175?refId=A5FLyf1Ywg3uhSY2kbeLLQ%3D%3D&trackingId=7bBTzcWtlsu1faK%2FMDvwSw%3D%3D&position=14&pageNum=0&trk=public_jobs_jserp-result_search-card
Rock & Roll Hall of Fame,Accountant,"Cleveland, OH",https://www.linkedin.comhttps://www.linkedin.com/jobs/view/accountant-at-rock-roll-hall-of-fame-3694286581?refId=A5FLyf1Ywg3uhSY2kbeLLQ%3D%3D&trackingId=yELFexmjms2z4YB%2FOb%2FDjQ%3D%3D&position=15&pageNum=0&trk=public_jobs_jserp-result_search-card
DND Homes,Accountant,"Burlington, MA",https://www.linkedin.comhttps://www.linkedin.com/jobs/view/accountant-at-dnd-homes-3686680735?refId=A5FLyf1Ywg3uhSY2kbeLLQ%3D%3D&trackingId=lxa%2FLr3YKVleiwmTms6rAw%3D%3D&position=16&pageNum=0&trk=public_jobs_jserp-result_search-card
"Vanguard Group Staffing, Inc.",Accountant,"New York, NY",https://www.linkedin.comhttps://www.linkedin.com/jobs/view/accountant-at-vanguard-group-staffing-inc-3703987418?refId=A5FLyf1Ywg3uhSY2kbeLLQ%3D%3D&trackingId=xaIOdpG1DgadbYHEHINtKw%3D%3D&position=17&pageNum=0&trk=public_jobs_jserp-result_search-card
Wessel & Company,Full-Time Entry-Level Accountant,"Johnstown, PA",https://www.linkedin.comhttps://www.linkedin.com/jobs/view/full-time-entry-level-accountant-at-wessel-company-3716085362?refId=A5FLyf1Ywg3uhSY2kbeLLQ%3D%3D&trackingId=GyFPMGV0DO4vP4voniwcww%3D%3D&position=18&pageNum=0&trk=public_jobs_jserp-result_search-card
"Coolray Heating, Cooling, Plumbing, Electrical",Accountant - Oklahoma City,"Oklahoma City, OK",https://www.linkedin.comhttps://www.linkedin.com/jobs/view/accountant-oklahoma-city-at-coolray-heating-cooling-plumbing-electrical-3720135135?refId=A5FLyf1Ywg3uhSY2kbeLLQ%3D%3D&trackingId=P1ToYTKujclaLeLPNE0qBA%3D%3D&position=19&pageNum=0&trk=public_jobs_jserp-result_search-card
OAK Digital,Accountant,"Blue Bell, PA",https://www.linkedin.comhttps://www.linkedin.com/jobs/view/accountant-at-oak-digital-3674013486?refId=A5FLyf1Ywg3uhSY2kbeLLQ%3D%3D&trackingId=LyQ9IQXuPDlL8TtGx2VO5g%3D%3D&position=20&pageNum=0&trk=public_jobs_jserp-result_search-card
Investigo,Accountant,New York City Metropolitan Area,https://www.linkedin.comhttps://www.linkedin.com/jobs/view/accountant-at-investigo-3707121607?refId=A5FLyf1Ywg3uhSY2kbeLLQ%3D%3D&trackingId=68tfKf43RtVxed6W%2BeNYyQ%3D%3D&position=21&pageNum=0&trk=public_jobs_jserp-result_search-card
Corrigan Oil,Senior Accountant,"Brighton, MI",https://www.linkedin.comhttps://www.linkedin.com/jobs/view/senior-accountant-at-corrigan-oil-3710281827?refId=A5FLyf1Ywg3uhSY2kbeLLQ%3D%3D&trackingId=iNMksLrlXheD9DoAR9kETg%3D%3D&position=22&pageNum=0&trk=public_jobs_jserp-result_search-card
Vebu,Accountant,"El Segundo, CA",https://www.linkedin.comhttps://www.linkedin.com/jobs/view/accountant-at-vebu-3696270110?refId=A5FLyf1Ywg3uhSY2kbeLLQ%3D%3D&trackingId=liYOiZ6%2BAFlLncZGp8qPeA%3D%3D&position=23&pageNum=0&trk=public_jobs_jserp-result_search-card
Old Northeast Jewelers,Bookkeeper Staff Accountant full charge accountant,"St Petersburg, FL",https://www.linkedin.comhttps://www.linkedin.com/jobs/view/bookkeeper-staff-accountant-full-charge-accountant-at-old-northeast-jewelers-3697943721?refId=A5FLyf1Ywg3uhSY2kbeLLQ%3D%3D&trackingId=21PHEE5e86TB6Y6UklR4fg%3D%3D&position=24&pageNum=0&trk=public_jobs_jserp-result_search-card
